"","Min.","1st Qu.","Median","Mean","3rd Qu.","Max."
"Control",0.648,0.7145,0.822,0.8016,0.8855,0.954
"High_Treatment",0.894,1.03,1.132,1.1053,1.16725,1.286
"Low_Treatment",0.749,0.88175,0.912,0.91155,0.94025,1.019
"Medium_Treatment",0.879,0.9975,1.011,1.0192,1.04775,1.164
